Package	Version	Built
aisdk	1.4.12	R 4.6.1; ; 2026-09-21 17:14:25 UTC; unix
annotate	1.90.0	R 4.6.1; ; 2026-09-13 19:33:18 UTC; unix
AnnotationDbi	1.74.0	R 4.6.1; ; 2026-09-13 19:33:00 UTC; unix
apcluster	1.4.14	R 4.6.1; x86_64-pc-linux-gnu; 2026-09-15 00:13:29 UTC; unix
ape	5.8-1	R 4.6.1; x86_64-pc-linux-gnu; 2026-09-21 17:13:56 UTC; unix
aplot	0.3.1	R 4.6.1; ; 2026-09-21 17:16:44 UTC; unix
arrow	25.0.1	R 4.6.1; x86_64-pc-linux-gnu; 2026-09-13 19:53:05 UTC; unix
AsioHeaders	1.30.2-1	R 4.6.1; ; 2026-09-13 19:10:11 UTC; unix
askpass	1.2.1	R 4.6.1; x86_64-pc-linux-gnu; 2026-09-13 17:30:07 UTC; unix
assertthat	0.2.1	R 4.6.1; ; 2026-09-13 18:05:30 UTC; unix
assorthead	1.6.3	R 4.6.1; ; 2026-09-13 18:09:39 UTC; unix
AUCell	1.34.0	R 4.6.1; ; 2026-09-13 19:48:50 UTC; unix
babelgene	22.9	R 4.6.1; ; 2026-09-13 20:27:07 UTC; unix
bcellViper	1.48.0	R 4.6.1; ; 2026-09-21 15:00:28 UTC; unix
beachmat	2.28.0	R 4.6.1; x86_64-pc-linux-gnu; 2026-09-13 18:33:03 UTC; unix
beeswarm	0.4.0	R 4.6.1; x86_64-pc-linux-gnu; 2026-09-13 18:09:29 UTC; unix
bigmemory	4.6.6	R 4.6.1; x86_64-pc-linux-gnu; 2026-09-13 19:24:39 UTC; unix
bigmemory.sri	0.1.8	R 4.6.1; ; 2026-09-13 19:12:11 UTC; unix
BiocGenerics	0.58.1	R 4.6.1; ; 2026-09-13 18:09:35 UTC; unix
BiocIO	1.22.0	R 4.6.1; ; 2026-09-13 18:26:48 UTC; unix
biocmake	1.4.0	R 4.6.1; ; 2026-09-13 18:26:01 UTC; unix
BiocManager	1.30.27	R 4.6.1; ; 2026-09-13 18:09:19 UTC; unix
BiocNeighbors	2.6.0	R 4.6.1; x86_64-pc-linux-gnu; 2026-09-13 18:35:46 UTC; unix
BiocSingular	1.28.0	R 4.6.1; x86_64-pc-linux-gnu; 2026-09-13 18:36:31 UTC; unix
BiocVersion	3.23.1	R 4.6.1; ; 2026-09-13 18:25:01 UTC; unix
Biostrings	2.80.2	R 4.6.1; x86_64-pc-linux-gnu; 2026-09-13 18:31:15 UTC; unix
bit	4.6.0	R 4.6.1; x86_64-pc-linux-gnu; 2026-09-13 17:28:34 UTC; unix
bit64	4.8.6	R 4.6.1; x86_64-pc-linux-gnu; 2026-09-13 17:28:57 UTC; unix
blob	1.3.0	R 4.6.1; ; 2026-09-13 19:35:05 UTC; unix
bluster	1.22.0	R 4.6.1; x86_64-pc-linux-gnu; 2026-09-13 20:32:07 UTC; unix
brew	1.0-10	R 4.6.1; ; 2026-09-13 19:11:21 UTC; unix
brio	1.1.5	R 4.6.1; x86_64-pc-linux-gnu; 2026-09-13 19:11:26 UTC; unix
Cairo	1.7-0	R 4.6.1; x86_64-pc-linux-gnu; 2026-09-13 19:14:52 UTC; unix
callr	3.8.0	R 4.6.1; ; 2026-09-13 18:07:01 UTC; unix
caTools	1.18.4	R 4.6.1; x86_64-pc-linux-gnu; 2026-09-13 17:34:07 UTC; unix
cellranger	1.1.0	R 4.6.1; ; 2026-09-13 17:59:04 UTC; unix
checkmate	2.3.4	R 4.6.1; x86_64-pc-linux-gnu; 2026-09-13 19:11:54 UTC; unix
chromote	0.5.1	R 4.6.1; ; 2026-09-13 19:30:13 UTC; unix
cigarillo	1.2.1	R 4.6.1; x86_64-pc-linux-gnu; 2026-09-13 18:31:57 UTC; unix
classInt	0.4-11	R 4.6.1; x86_64-pc-linux-gnu; 2026-09-13 19:30:18 UTC; unix
cli	3.6.6	R 4.6.1; x86_64-pc-linux-gnu; 2026-09-13 19:42:47 UTC; unix
clipr	0.8.1	R 4.6.1; ; 2026-09-13 17:28:31 UTC; unix
clusterProfiler	4.20.0	R 4.6.1; ; 2026-09-21 17:37:30 UTC; unix
conflicted	1.2.0	R 4.6.1; ; 2026-09-13 20:21:10 UTC; unix
covr	3.6.5	R 4.6.1; x86_64-pc-linux-gnu; 2026-09-13 19:24:15 UTC; unix
credentials	2.0.3	R 4.6.1; ; 2026-09-13 19:11:42 UTC; unix
curl	8.0.0	R 4.6.1; x86_64-pc-linux-gnu; 2026-09-13 17:27:22 UTC; unix
data.table	1.18.6.1	R 4.6.1; x86_64-pc-linux-gnu; 2026-09-13 19:43:15 UTC; unix
DBI	1.3.0	R 4.6.1; ; 2026-09-13 17:53:16 UTC; unix
DBItest	1.8.3	R 4.6.1; ; 2026-09-13 19:31:15 UTC; unix
dbplyr	2.6.0	R 4.6.1; ; 2026-09-13 20:21:12 UTC; unix
decor	1.0.2	R 4.6.1; x86_64-pc-linux-gnu; 2026-09-13 19:14:25 UTC; unix
decoupleR	2.17.0	R 4.6.1; ; 2026-09-21 14:59:19 UTC; unix
DelayedArray	0.38.2	R 4.6.1; ; 2026-09-13 18:32:12 UTC; unix
DelayedMatrixStats	1.34.0	R 4.6.1; ; 2026-09-13 18:35:05 UTC; unix
dendextend	1.19.1	R 4.6.1; ; 2026-09-13 19:24:29 UTC; unix
desc	1.4.3	R 4.6.1; ; 2026-09-13 19:11:28 UTC; unix
diffobj	0.3.9	R 4.6.1; x86_64-pc-linux-gnu; 2026-09-13 19:10:54 UTC; unix
dir.expiry	1.20.0	R 4.6.1; ; 2026-09-13 18:25:02 UTC; unix
doMPI	0.2.2	R 4.6.1; ; 2026-09-13 19:24:36 UTC; unix
doParallel	1.0.17	R 4.6.1; ; 2026-09-13 18:43:16 UTC; unix
dorothea	1.23.0	R 4.6.1; ; 2026-09-21 15:00:31 UTC; unix
DOSE	4.6.0	R 4.6.1; ; 2026-09-21 17:16:48 UTC; unix
dotCall64	1.2	R 4.6.1; x86_64-pc-linux-gnu; 2026-09-13 17:29:38 UTC; unix
downlit	0.4.5	R 4.6.1; ; 2026-09-13 19:17:06 UTC; unix
dplyr	1.2.1	R 4.6.1; x86_64-pc-linux-gnu; 2026-09-13 19:44:27 UTC; unix
dqrng	0.4.1	R 4.6.1; x86_64-pc-linux-gnu; 2026-09-13 18:06:49 UTC; unix
dtplyr	1.3.3	R 4.6.1; ; 2026-09-13 20:21:23 UTC; unix
dynamicTreeCut	1.63-1	R 4.6.1; ; 2026-09-13 19:35:19 UTC; unix
e1071	1.7-17	R 4.6.1; x86_64-pc-linux-gnu; 2026-09-13 19:17:01 UTC; unix
edgeR	4.10.5	R 4.6.1; x86_64-pc-linux-gnu; 2026-09-13 18:27:01 UTC; unix
ellipsis	0.3.3	R 4.6.1; ; 2026-09-13 19:12:12 UTC; unix
enrichit	0.2.4	R 4.6.1; x86_64-pc-linux-gnu; 2026-09-21 17:15:42 UTC; unix
enrichplot	1.32.0	R 4.6.1; ; 2026-09-21 17:37:14 UTC; unix
fansi	1.0.7	R 4.6.1; x86_64-pc-linux-gnu; 2026-09-13 19:10:15 UTC; unix
fastDummies	1.7.6	R 4.6.1; ; 2026-09-13 17:30:01 UTC; unix
fastICA	1.2-8	R 4.6.1; x86_64-pc-linux-gnu; 2026-09-13 19:15:30 UTC; unix
filelock	1.0.3	R 4.6.1; x86_64-pc-linux-gnu; 2026-09-13 18:09:27 UTC; unix
fitdistrplus	1.2-6	R 4.6.1; ; 2026-09-13 20:05:33 UTC; unix
fontBitstreamVera	0.1.1	R 4.6.1; ; 2026-09-21 17:13:31 UTC; unix
fontLiberation	0.1.0	R 4.6.1; ; 2026-09-21 17:13:32 UTC; unix
fontquiver	0.2.1	R 4.6.1; ; 2026-09-21 17:15:03 UTC; unix
forcats	1.0.1	R 4.6.1; ; 2026-09-13 19:15:00 UTC; unix
foreach	1.5.2	R 4.6.1; ; 2026-09-13 18:43:11 UTC; unix
future	1.75.0	R 4.6.1; ; 2026-09-13 17:27:12 UTC; unix
future.apply	1.20.2	R 4.6.1; ; 2026-09-13 17:29:31 UTC; unix
gargle	1.6.1	R 4.6.1; ; 2026-09-13 20:21:03 UTC; unix
gdtools	0.5.1	R 4.6.1; x86_64-pc-linux-gnu; 2026-09-21 17:16:31 UTC; unix
GENIE3	1.34.0	R 4.6.1; x86_64-pc-linux-gnu; 2026-09-13 19:33:14 UTC; unix
GenomeInfoDb	1.48.0	R 4.6.1; ; 2026-09-13 18:31:50 UTC; unix
GenomicAlignments	1.48.0	R 4.6.1; x86_64-pc-linux-gnu; 2026-09-13 18:35:21 UTC; unix
GenomicRanges	1.64.0	R 4.6.1; ; 2026-09-13 18:31:36 UTC; unix
gert	2.4.1	R 4.6.1; x86_64-pc-linux-gnu; 2026-09-13 19:24:18 UTC; unix
ggalluvial	0.12.6	R 4.6.1; ; 2026-09-13 19:14:45 UTC; unix
ggbeeswarm	0.7.3	R 4.6.1; ; 2026-09-13 20:31:56 UTC; unix
ggforce	0.5.0	R 4.6.1; x86_64-pc-linux-gnu; 2026-09-21 17:15:09 UTC; unix
ggfun	0.2.1	R 4.6.1; ; 2026-09-21 17:15:38 UTC; unix
ggiraph	0.9.6	R 4.6.1; x86_64-pc-linux-gnu; 2026-09-21 17:17:13 UTC; unix
ggnewscale	0.5.2	R 4.6.1; ; 2026-09-21 17:14:21 UTC; unix
ggplotify	0.1.3	R 4.6.1; ; 2026-09-21 17:15:04 UTC; unix
ggraph	2.2.2	R 4.6.1; x86_64-pc-linux-gnu; 2026-09-22 01:09:20 UTC; unix
ggstats	0.14.0	R 4.6.1; ; 2026-09-13 19:17:11 UTC; unix
ggtangle	0.1.2	R 4.6.1; ; 2026-09-21 17:17:01 UTC; unix
ggtext	0.2.0	R 4.6.1; ; 2026-09-13 20:02:41 UTC; unix
ggtree	4.2.0	R 4.6.1; ; 2026-09-21 17:37:05 UTC; unix
gh	1.6.1	R 4.6.1; ; 2026-09-13 19:24:22 UTC; unix
gitcreds	0.1.2	R 4.6.1; ; 2026-09-13 19:11:44 UTC; unix
glmGamPoi	1.24.0	R 4.6.1; x86_64-pc-linux-gnu; 2026-09-15 10:46:33 UTC; unix
globals	0.19.1	R 4.6.1; ; 2026-09-13 17:27:03 UTC; unix
glue	1.8.1	R 4.6.1; x86_64-pc-linux-gnu; 2026-09-13 19:42:57 UTC; unix
GO.db	3.23.1	R 4.6.1; ; 2026-09-21 17:14:49 UTC; unix
goftest	1.2-3	R 4.6.1; x86_64-pc-linux-gnu; 2026-09-13 17:36:37 UTC; unix
googledrive	2.1.2	R 4.6.1; ; 2026-09-13 20:22:06 UTC; unix
googlesheets4	1.1.2	R 4.6.1; ; 2026-09-13 20:22:10 UTC; unix
GOSemSim	2.38.3	R 4.6.1; x86_64-pc-linux-gnu; 2026-09-21 17:16:13 UTC; unix
gplots	3.3.0	R 4.6.1; ; 2026-09-13 17:34:10 UTC; unix
graphite	1.58.0	R 4.6.1; ; 2026-09-22 01:09:10 UTC; unix
graphlayouts	1.2.5	R 4.6.1; x86_64-pc-linux-gnu; 2026-09-22 01:07:50 UTC; unix
gridBase	0.4-7	R 4.6.1; ; 2026-09-13 18:43:05 UTC; unix
gridGraphics	0.5-1	R 4.6.1; ; 2026-09-21 17:13:33 UTC; unix
gridtext	0.1.6	R 4.6.1; x86_64-pc-linux-gnu; 2026-09-13 20:02:21 UTC; unix
GSEABase	1.74.0	R 4.6.1; ; 2026-09-13 19:33:30 UTC; unix
gson	0.2.1	R 4.6.1; ; 2026-09-21 17:16:29 UTC; unix
gtools	3.9.5	R 4.6.1; x86_64-pc-linux-gnu; 2026-09-13 17:34:04 UTC; unix
h5mread	1.4.1	R 4.6.1; x86_64-pc-linux-gnu; 2026-09-15 10:46:03 UTC; unix
harmony	2.0.5	R 4.6.1; x86_64-pc-linux-gnu; 2026-09-13 20:29:19 UTC; unix
haven	2.5.5	R 4.6.1; x86_64-pc-linux-gnu; 2026-09-13 20:21:28 UTC; unix
HDF5Array	1.40.0	R 4.6.1; ; 2026-09-15 10:46:18 UTC; unix
hdf5r	1.3.16	R 4.6.1; x86_64-pc-linux-gnu; 2026-09-13 23:48:11 UTC; unix
here	1.0.2	R 4.6.1; ; 2026-09-13 17:34:02 UTC; unix
hms	1.1.4	R 4.6.1; ; 2026-09-13 19:14:28 UTC; unix
httr	1.4.9	R 4.6.1; ; 2026-09-13 17:30:14 UTC; unix
httr2	1.3.0	R 4.6.1; ; 2026-09-13 19:11:46 UTC; unix
ica	1.0-3	R 4.6.1; ; 2026-09-13 17:30:18 UTC; unix
ids	1.0.1	R 4.6.1; ; 2026-09-13 17:59:06 UTC; unix
igraph	2.3.3	R 4.6.1; x86_64-pc-linux-gnu; 2026-09-13 20:05:45 UTC; unix
ini	0.3.1	R 4.6.1; ; 2026-09-13 19:11:53 UTC; unix
IRanges	2.46.0	R 4.6.1; x86_64-pc-linux-gnu; 2026-09-13 18:26:03 UTC; unix
irlba	2.3.7	R 4.6.1; x86_64-pc-linux-gnu; 2026-09-13 17:32:58 UTC; unix
iterators	1.0.14	R 4.6.1; ; 2026-09-13 18:42:55 UTC; unix
KEGGREST	1.52.2	R 4.6.1; ; 2026-09-13 18:32:05 UTC; unix
lazyeval	0.2.3	R 4.6.1; x86_64-pc-linux-gnu; 2026-09-21 17:35:28 UTC; unix
lifecycle	1.0.5	R 4.6.1; ; 2026-09-13 19:43:41 UTC; unix
limma	3.68.5	R 4.6.1; x86_64-pc-linux-gnu; 2026-09-13 18:25:24 UTC; unix
listenv	1.0.0	R 4.6.1; ; 2026-09-13 17:27:05 UTC; unix
listviewer	4.0.0	R 4.6.1; ; 2026-09-13 19:14:57 UTC; unix
litedown	0.11	R 4.6.1; ; 2026-09-13 17:27:19 UTC; unix
logger	0.4.3	R 4.6.1; ; 2026-09-21 16:37:20 UTC; unix
lubridate	1.9.5	R 4.6.1; x86_64-pc-linux-gnu; 2026-09-13 18:05:15 UTC; unix
magrittr	2.0.5	R 4.6.1; x86_64-pc-linux-gnu; 2026-09-13 19:43:12 UTC; unix
maps	3.4.3	R 4.6.1; x86_64-pc-linux-gnu; 2026-09-13 19:14:39 UTC; unix
markdown	2.0	R 4.6.1; ; 2026-09-13 17:27:33 UTC; unix
MatrixGenerics	1.24.0	R 4.6.1; ; 2026-09-13 18:11:51 UTC; unix
metapod	1.20.0	R 4.6.1; x86_64-pc-linux-gnu; 2026-09-13 18:10:31 UTC; unix
miniUI	0.1.2	R 4.6.1; ; 2026-09-13 19:12:14 UTC; unix
mixtools	2.0.0.1	R 4.6.1; x86_64-pc-linux-gnu; 2026-09-13 19:48:33 UTC; unix
msigdbr	26.1.1	R 4.6.1; ; 2026-09-13 20:27:27 UTC; unix
nanoarrow	0.9.0	R 4.6.1; x86_64-pc-linux-gnu; 2026-09-13 19:11:32 UTC; unix
NMF	0.28	R 4.6.1; x86_64-pc-linux-gnu; 2026-09-13 19:37:09 UTC; unix
OmnipathR	4.0.0	R 4.6.1; ; 2026-09-21 16:37:22 UTC; unix
openssl	2.4.2	R 4.6.1; x86_64-pc-linux-gnu; 2026-09-13 17:30:09 UTC; unix
openxlsx	4.2.9	R 4.6.1; x86_64-pc-linux-gnu; 2026-09-13 18:05:52 UTC; unix
org.Hs.eg.db	3.23.1	R 4.6.1; ; 2026-09-21 16:29:06 UTC; unix
org.Mm.eg.db	3.23.0	R 4.6.1; ; 2026-09-21 17:40:03 UTC; unix
pak	0.11.1	R 4.6.1; x86_64-pc-linux-gnu; 2026-09-13 19:12:18 UTC; unix
palmerpenguins	0.1.1	R 4.6.1; ; 2026-09-13 19:15:02 UTC; unix
parallelly	1.48.0	R 4.6.1; x86_64-pc-linux-gnu; 2026-09-13 17:27:07 UTC; unix
patchwork	1.3.2	R 4.6.1; ; 2026-09-13 19:11:02 UTC; unix
pbapply	1.7-5	R 4.6.1; ; 2026-09-13 17:33:04 UTC; unix
pheatmap	1.0.13	R 4.6.1; ; 2026-09-13 20:02:46 UTC; unix
pillar	1.11.1	R 4.6.1; ; 2026-09-13 19:44:16 UTC; unix
pingr	2.0.5	R 4.6.1; x86_64-pc-linux-gnu; 2026-09-13 19:11:59 UTC; unix
pkgbuild	1.4.8	R 4.6.1; ; 2026-09-13 19:24:11 UTC; unix
pkgdown	2.2.1	R 4.6.1; ; 2026-09-13 19:30:26 UTC; unix
pkgload	1.5.3	R 4.6.1; ; 2026-09-13 19:30:09 UTC; unix
plotly	4.12.1	R 4.6.1; ; 2026-09-13 19:42:10 UTC; unix
plotlyGeoAssets	0.0.2	R 4.6.1; ; 2026-09-13 19:14:59 UTC; unix
plyr	1.8.9	R 4.6.1; x86_64-pc-linux-gnu; 2026-09-13 17:58:09 UTC; unix
polyclip	1.10-7	R 4.6.1; x86_64-pc-linux-gnu; 2026-09-13 17:36:25 UTC; unix
praise	1.0.0	R 4.6.1; ; 2026-09-13 19:11:30 UTC; unix
prettyunits	1.2.0	R 4.6.1; ; 2026-09-13 17:28:40 UTC; unix
princurve	2.1.6	R 4.6.1; x86_64-pc-linux-gnu; 2026-09-13 18:24:53 UTC; unix
processx	3.9.0	R 4.6.1; x86_64-pc-linux-gnu; 2026-09-13 17:58:27 UTC; unix
profvis	0.4.0	R 4.6.1; x86_64-pc-linux-gnu; 2026-09-13 19:14:21 UTC; unix
progeny	1.34.0	R 4.6.1; ; 2026-09-21 16:53:56 UTC; unix
progress	1.2.3	R 4.6.1; ; 2026-09-13 19:17:15 UTC; unix
progressr	1.0.0	R 4.6.1; ; 2026-09-13 17:29:34 UTC; unix
proxy	0.4-29	R 4.6.1; x86_64-pc-linux-gnu; 2026-09-13 19:10:12 UTC; unix
ps	1.9.3	R 4.6.1; x86_64-pc-linux-gnu; 2026-09-13 17:52:35 UTC; unix
purrr	1.2.2	R 4.6.1; x86_64-pc-linux-gnu; 2026-09-13 19:44:11 UTC; unix
qvalue	2.44.0	R 4.6.1; ; 2026-09-21 17:14:57 UTC; unix
R.methodsS3	1.8.2	R 4.6.1; ; 2026-09-13 18:12:10 UTC; unix
R.oo	1.27.1	R 4.6.1; ; 2026-09-13 18:25:56 UTC; unix
R.utils	2.13.0	R 4.6.1; ; 2026-09-13 18:26:53 UTC; unix
ragg	1.5.2	R 4.6.1; x86_64-pc-linux-gnu; 2026-09-13 19:27:04 UTC; unix
RANN	2.6.3	R 4.6.1; x86_64-pc-linux-gnu; 2026-09-13 17:33:09 UTC; unix
RcisTarget	1.23.1	R 4.6.1; ; 2026-09-13 19:57:24 UTC; unix
rcmdcheck	1.4.0	R 4.6.1; ; 2026-09-13 19:30:21 UTC; unix
Rcpp	1.1.2	R 4.6.1; x86_64-pc-linux-gnu; 2026-09-13 19:08:50 UTC; unix
RcppAnnoy	0.0.23	R 4.6.1; x86_64-pc-linux-gnu; 2026-09-13 18:02:21 UTC; unix
RcppHNSW	0.7.0	R 4.6.1; x86_64-pc-linux-gnu; 2026-09-13 18:02:44 UTC; unix
RcppML	0.3.7.1	R 4.6.1; x86_64-pc-linux-gnu; 2026-09-13 18:10:04 UTC; unix
RcppProgress	0.4.2	R 4.6.1; ; 2026-09-13 17:40:49 UTC; unix
RcppTOML	0.2.3	R 4.6.1; x86_64-pc-linux-gnu; 2026-09-13 17:58:53 UTC; unix
rdtools	0.1.0	R 4.6.1; x86_64-pc-linux-gnu; 2026-09-13 19:11:23 UTC; unix
reactome.db	1.96.0	R 4.6.1; ; 2026-09-22 01:09:01 UTC; unix
ReactomePA	1.56.0	R 4.6.1; ; 2026-09-22 01:09:45 UTC; unix
readr	2.2.0	R 4.6.1; x86_64-pc-linux-gnu; 2026-09-13 20:04:18 UTC; unix
readxl	1.5.0	R 4.6.1; x86_64-pc-linux-gnu; 2026-09-13 20:21:47 UTC; unix
registry	0.5-1	R 4.6.1; ; 2026-09-13 18:43:08 UTC; unix
rematch	2.0.0	R 4.6.1; ; 2026-09-13 17:52:55 UTC; unix
rematch2	2.1.2	R 4.6.1; ; 2026-09-13 20:21:08 UTC; unix
reprex	2.1.1	R 4.6.1; ; 2026-09-13 20:22:04 UTC; unix
reshape2	1.4.5	R 4.6.1; x86_64-pc-linux-gnu; 2026-09-13 19:35:07 UTC; unix
restfulr	0.0.17	R 4.6.1; x86_64-pc-linux-gnu; 2026-09-13 20:32:00 UTC; unix
reticulate	1.47.0	R 4.6.1; x86_64-pc-linux-gnu; 2026-09-15 15:01:20 UTC; unix
rex	1.2.2	R 4.6.1; ; 2026-09-13 19:11:24 UTC; unix
rhdf5	2.56.0	R 4.6.1; x86_64-pc-linux-gnu; 2026-09-15 10:45:55 UTC; unix
rhdf5filters	1.24.1	R 4.6.1; x86_64-pc-linux-gnu; 2026-09-15 10:45:33 UTC; unix
Rhdf5lib	2.0.0	R 4.6.1; ; 2026-09-15 10:45:29 UTC; unix
RhpcBLASctl	0.23-42	R 4.6.1; x86_64-pc-linux-gnu; 2026-09-13 18:05:49 UTC; unix
Rhtslib	3.8.0	R 4.6.1; x86_64-pc-linux-gnu; 2026-09-13 18:10:51 UTC; unix
Rigraphlib	1.4.0	R 4.6.1; ; 2026-09-13 18:30:37 UTC; unix
rjson	0.2.23	R 4.6.1; x86_64-pc-linux-gnu; 2026-09-13 18:09:32 UTC; unix
rlang	1.3.0	R 4.6.1; x86_64-pc-linux-gnu; 2026-09-13 19:43:00 UTC; unix
Rmpi	0.7-3.4	R 4.6.1; x86_64-pc-linux-gnu; 2026-09-13 19:12:07 UTC; unix
rngtools	1.5.2	R 4.6.1; ; 2026-09-13 18:43:07 UTC; unix
ROCR	1.0-12	R 4.6.1; ; 2026-09-13 17:34:14 UTC; unix
roxygen2	8.1.0	R 4.6.1; x86_64-pc-linux-gnu; 2026-09-13 19:30:32 UTC; unix
rprojroot	2.1.1	R 4.6.1; ; 2026-09-13 17:33:51 UTC; unix
Rsamtools	2.28.0	R 4.6.1; x86_64-pc-linux-gnu; 2026-09-13 18:32:31 UTC; unix
RSpectra	0.16-2	R 4.6.1; x86_64-pc-linux-gnu; 2026-09-13 18:03:04 UTC; unix
RSQLite	3.53.3	R 4.6.1; x86_64-pc-linux-gnu; 2026-09-13 19:35:40 UTC; unix
rstudioapi	0.19.0	R 4.6.1; ; 2026-09-13 18:05:22 UTC; unix
rsvd	1.0.5	R 4.6.1; ; 2026-09-13 18:09:40 UTC; unix
rsvg	2.7.0	R 4.6.1; x86_64-pc-linux-gnu; 2026-09-13 23:47:08 UTC; unix
rtracklayer	1.72.0	R 4.6.1; x86_64-pc-linux-gnu; 2026-09-13 20:44:31 UTC; unix
Rtsne	0.17	R 4.6.1; x86_64-pc-linux-gnu; 2026-09-13 19:35:21 UTC; unix
RUnit	0.4.33.1	R 4.6.1; ; 2026-09-13 19:15:32 UTC; unix
rversions	3.0.0	R 4.6.1; ; 2026-09-13 19:15:04 UTC; unix
rvest	1.0.5	R 4.6.1; ; 2026-09-13 19:24:25 UTC; unix
s2	1.1.12	R 4.6.1; x86_64-pc-linux-gnu; 2026-09-13 19:19:11 UTC; unix
S4Arrays	1.12.0	R 4.6.1; x86_64-pc-linux-gnu; 2026-09-13 18:27:17 UTC; unix
S4Vectors	0.50.2	R 4.6.1; x86_64-pc-linux-gnu; 2026-09-13 18:25:05 UTC; unix
ScaledMatrix	1.20.0	R 4.6.1; ; 2026-09-13 18:34:32 UTC; unix
scater	1.40.2	R 4.6.1; ; 2026-09-13 20:43:03 UTC; unix
scattermore	1.2	R 4.6.1; x86_64-pc-linux-gnu; 2026-09-13 20:08:47 UTC; unix
scatterpie	0.2.6	R 4.6.1; ; 2026-09-21 17:17:05 UTC; unix
scDblFinder	1.26.7	R 4.6.1; ; 2026-09-13 20:45:12 UTC; unix
SCENIC	1.3.1	R 4.6.1; ; 2026-09-13 20:01:25 UTC; unix
scran	1.40.0	R 4.6.1; x86_64-pc-linux-gnu; 2026-09-13 20:43:27 UTC; unix
scrapper	1.6.3	R 4.6.1; x86_64-pc-linux-gnu; 2026-09-13 18:37:56 UTC; unix
sctransform	0.4.3	R 4.6.1; x86_64-pc-linux-gnu; 2026-09-13 20:08:54 UTC; unix
scuttle	1.22.0	R 4.6.1; x86_64-pc-linux-gnu; 2026-09-13 18:37:09 UTC; unix
segmented	2.2-2	R 4.6.1; ; 2026-09-13 18:11:57 UTC; unix
selectr	0.6-0	R 4.6.1; ; 2026-09-13 17:54:25 UTC; unix
Seqinfo	1.2.0	R 4.6.1; ; 2026-09-13 18:27:10 UTC; unix
sessioninfo	1.2.4	R 4.6.1; ; 2026-09-13 19:14:23 UTC; unix
Seurat	5.5.1	R 4.6.1; x86_64-pc-linux-gnu; 2026-09-13 20:09:17 UTC; unix
SeuratObject	5.4.0	R 4.6.1; x86_64-pc-linux-gnu; 2026-09-13 20:05:03 UTC; unix
shinytest2	0.5.1	R 4.6.1; x86_64-pc-linux-gnu; 2026-09-13 19:31:35 UTC; unix
SingleCellExperiment	1.34.0	R 4.6.1; ; 2026-09-13 18:36:51 UTC; unix
sitmo	2.0.2	R 4.6.1; x86_64-pc-linux-gnu; 2026-09-13 17:58:17 UTC; unix
slingshot	2.20.0	R 4.6.1; ; 2026-09-13 20:54:11 UTC; unix
SoupX	1.6.2	R 4.6.1; ; 2026-09-14 13:57:08 UTC; unix
sp	2.2-3	R 4.6.1; x86_64-pc-linux-gnu; 2026-09-13 17:29:22 UTC; unix
spam	2.11-4	R 4.6.1; x86_64-pc-linux-gnu; 2026-09-13 17:58:33 UTC; unix
SparseArray	1.12.2	R 4.6.1; x86_64-pc-linux-gnu; 2026-09-13 18:30:49 UTC; unix
sparseMatrixStats	1.24.0	R 4.6.1; x86_64-pc-linux-gnu; 2026-09-13 18:25:35 UTC; unix
spatstat.data	3.1-9	R 4.6.1; ; 2026-09-13 17:36:39 UTC; unix
spatstat.explore	3.8-2	R 4.6.1; x86_64-pc-linux-gnu; 2026-09-13 17:37:39 UTC; unix
spatstat.geom	3.8-2	R 4.6.1; x86_64-pc-linux-gnu; 2026-09-13 17:38:05 UTC; unix
spatstat.random	3.5-1	R 4.6.1; x86_64-pc-linux-gnu; 2026-09-13 17:37:21 UTC; unix
spatstat.sparse	3.2-0	R 4.6.1; x86_64-pc-linux-gnu; 2026-09-13 17:36:47 UTC; unix
spatstat.univar	3.2-0	R 4.6.1; x86_64-pc-linux-gnu; 2026-09-13 17:36:43 UTC; unix
spatstat.utils	3.2-5	R 4.6.1; x86_64-pc-linux-gnu; 2026-09-13 17:36:33 UTC; unix
statmod	1.5.2	R 4.6.1; x86_64-pc-linux-gnu; 2026-09-13 18:10:28 UTC; unix
stringr	1.6.0	R 4.6.1; ; 2026-09-13 19:44:20 UTC; unix
SummarizedExperiment	1.42.0	R 4.6.1; ; 2026-09-13 18:34:46 UTC; unix
synchronicity	1.3.10	R 4.6.1; x86_64-pc-linux-gnu; 2026-09-13 19:25:15 UTC; unix
sys	3.4.3	R 4.6.1; x86_64-pc-linux-gnu; 2026-09-13 17:30:05 UTC; unix
systemfonts	1.3.2	R 4.6.1; x86_64-pc-linux-gnu; 2026-09-13 19:10:19 UTC; unix
tensor	1.5.1	R 4.6.1; ; 2026-09-13 17:36:32 UTC; unix
testthat	3.3.2	R 4.6.1; x86_64-pc-linux-gnu; 2026-09-13 19:30:46 UTC; unix
textshaping	1.0.5	R 4.6.1; x86_64-pc-linux-gnu; 2026-09-13 19:16:05 UTC; unix
tibble	3.3.1	R 4.6.1; x86_64-pc-linux-gnu; 2026-09-13 19:44:23 UTC; unix
tidydr	0.0.6	R 4.6.1; ; 2026-09-21 17:17:09 UTC; unix
tidygraph	1.3.1	R 4.6.1; x86_64-pc-linux-gnu; 2026-09-22 01:07:43 UTC; unix
tidyr	1.3.2	R 4.6.1; x86_64-pc-linux-gnu; 2026-09-13 19:44:39 UTC; unix
tidytree	0.4.8	R 4.6.1; ; 2026-09-21 17:36:56 UTC; unix
tidyverse	2.0.0	R 4.6.1; ; 2026-09-13 20:22:14 UTC; unix
timechange	0.4.0	R 4.6.1; x86_64-pc-linux-gnu; 2026-09-13 17:53:27 UTC; unix
tradeSeq	1.26.0	R 4.6.1; ; 2026-09-13 20:56:20 UTC; unix
TrajectoryUtils	1.20.0	R 4.6.1; ; 2026-09-13 20:53:51 UTC; unix
treeio	1.36.1	R 4.6.1; ; 2026-09-21 17:37:00 UTC; unix
tweenr	2.0.3	R 4.6.1; x86_64-pc-linux-gnu; 2026-09-21 17:13:36 UTC; unix
tximport	1.40.0	R 4.6.1; ; 2026-09-21 14:58:04 UTC; unix
tzdb	0.5.0	R 4.6.1; x86_64-pc-linux-gnu; 2026-09-13 17:29:05 UTC; unix
UCSC.utils	1.8.0	R 4.6.1; ; 2026-09-13 18:26:44 UTC; unix
urlchecker	2.0.0	R 4.6.1; ; 2026-09-13 19:24:13 UTC; unix
uuid	1.2-2	R 4.6.1; x86_64-pc-linux-gnu; 2026-09-13 17:53:24 UTC; unix
uwot	0.2.5	R 4.6.1; x86_64-pc-linux-gnu; 2026-09-13 18:08:16 UTC; unix
vctrs	0.7.3	R 4.6.1; x86_64-pc-linux-gnu; 2026-09-13 19:43:44 UTC; unix
vipor	0.4.7	R 4.6.1; ; 2026-09-13 18:09:31 UTC; unix
viridis	0.6.5	R 4.6.1; ; 2026-09-13 19:12:01 UTC; unix
vroom	1.7.1	R 4.6.1; x86_64-pc-linux-gnu; 2026-09-13 20:02:49 UTC; unix
waldo	0.6.2	R 4.6.1; ; 2026-09-13 19:17:08 UTC; unix
webshot	0.5.5	R 4.6.1; ; 2026-09-13 19:14:55 UTC; unix
websocket	1.4.4	R 4.6.1; x86_64-pc-linux-gnu; 2026-09-13 19:16:20 UTC; unix
whisker	0.4.1	R 4.6.1; ; 2026-09-13 19:11:19 UTC; unix
wk	0.9.5	R 4.6.1; x86_64-pc-linux-gnu; 2026-09-13 19:11:08 UTC; unix
xgboost	3.2.1.1	R 4.6.1; x86_64-pc-linux-gnu; 2026-09-13 20:32:25 UTC; unix
XML	3.99-0.24	R 4.6.1; x86_64-pc-linux-gnu; 2026-09-13 20:20:24 UTC; unix
xml2	1.6.0	R 4.6.1; x86_64-pc-linux-gnu; 2026-09-13 20:20:13 UTC; unix
xopen	1.0.1	R 4.6.1; ; 2026-09-13 19:11:20 UTC; unix
XVector	0.52.0	R 4.6.1; x86_64-pc-linux-gnu; 2026-09-13 18:30:38 UTC; unix
yaml	2.3.12	R 4.6.1; x86_64-pc-linux-gnu; 2026-09-13 20:19:22 UTC; unix
yulab.utils	0.2.5	R 4.6.1; ; 2026-09-21 17:15:01 UTC; unix
zip	3.0.2	R 4.6.1; x86_64-pc-linux-gnu; 2026-09-13 17:27:43 UTC; unix
base	4.6.1	R 4.6.1; ; 2026-08-23 18:01:00 UTC; unix
boot	1.3-32	R 4.5.2; ; 'Thu, 04 Sep 2025 19:44:38 +0000'; unix
class	7.3-24	R 4.6.1; x86_64-pc-linux-gnu; 'Tue, 04 Aug 2026 19:26:36 +0000'; unix
cluster	2.1.8.2	R 4.5.2; x86_64-pc-linux-gnu; 'Sun, 08 Feb 2026 00:12:18 +0000'; unix
codetools	0.2-20	R 4.4.0; ; 'Sat, 27 Apr 2024 18:01:06 +0000'; unix
compiler	4.6.1	R 4.6.1; ; 2026-08-23 18:01:00 UTC; unix
datasets	4.6.1	R 4.6.1; ; 2026-08-23 18:01:00 UTC; unix
foreign	0.8-91	R 4.5.2; x86_64-pc-linux-gnu; 'Sun, 08 Feb 2026 00:13:22 +0000'; unix
graphics	4.6.1	R 4.6.1; x86_64-pc-linux-gnu; 2026-08-23 18:01:00 UTC; unix
grDevices	4.6.1	R 4.6.1; x86_64-pc-linux-gnu; 2026-08-23 18:01:00 UTC; unix
grid	4.6.1	R 4.6.1; x86_64-pc-linux-gnu; 2026-08-23 18:01:00 UTC; unix
KernSmooth	2.23-27	R 4.6.1; x86_64-pc-linux-gnu; 'Mon, 17 Aug 2026 01:55:45 +0000'; unix
lattice	0.23-1	R 4.6.1; x86_64-pc-linux-gnu; 'Mon, 17 Aug 2026 01:55:56 +0000'; unix
MASS	7.3-66	R 4.6.1; x86_64-pc-linux-gnu; 'Fri, 17 Jul 2026 13:21:58 +0000'; unix
Matrix	1.7-6	R 4.6.1; x86_64-pc-linux-gnu; 'Tue, 28 Jul 2026 14:22:22 +0000'; unix
methods	4.6.1	R 4.6.1; x86_64-pc-linux-gnu; 2026-08-23 18:01:00 UTC; unix
mgcv	1.9-4	R 4.5.2; x86_64-pc-linux-gnu; 'Fri, 28 Nov 2025 20:45:01 +0000'; unix
nlme	3.1-171	R 4.6.1; x86_64-pc-linux-gnu; 'Thu, 03 Sep 2026 23:29:58 +0000'; unix
nnet	7.3-21	R 4.6.1; x86_64-pc-linux-gnu; 'Tue, 04 Aug 2026 19:18:50 +0000'; unix
parallel	4.6.1	R 4.6.1; x86_64-pc-linux-gnu; 2026-08-23 18:01:00 UTC; unix
rpart	4.1.27	R 4.5.3; x86_64-pc-linux-gnu; 'Wed, 08 Apr 2026 01:01:46 +0000'; unix
spatial	7.3-17	R 4.4.0; x86_64-pc-linux-gnu; 'Sat, 27 Apr 2024 18:04:14 +0000'; unix
splines	4.6.1	R 4.6.1; x86_64-pc-linux-gnu; 2026-08-23 18:01:00 UTC; unix
stats	4.6.1	R 4.6.1; x86_64-pc-linux-gnu; 2026-08-23 18:01:00 UTC; unix
stats4	4.6.1	R 4.6.1; ; 2026-08-23 18:01:00 UTC; unix
survival	3.8-12	R 4.6.1; x86_64-pc-linux-gnu; 'Sat, 12 Sep 2026 12:38:28 +0000'; unix
tcltk	4.6.1	R 4.6.1; x86_64-pc-linux-gnu; 2026-08-23 18:01:00 UTC; unix
tools	4.6.1	R 4.6.1; x86_64-pc-linux-gnu; 2026-08-23 18:01:00 UTC; unix
utils	4.6.1	R 4.6.1; x86_64-pc-linux-gnu; 2026-08-23 18:01:00 UTC; unix
abind	1.4-8	R 4.3.3; ; 2026-08-22 20:43:47 UTC; unix
ash	1.0-15	R 4.3.3; x86_64-pc-linux-gnu; 2026-08-22 20:45:02 UTC; unix
backports	1.5.1	R 4.3.3; x86_64-pc-linux-gnu; 2026-08-22 20:43:51 UTC; unix
base64enc	0.1-6	R 4.3.3; x86_64-pc-linux-gnu; 2026-08-22 20:42:08 UTC; unix
BH	1.90.0-1	R 4.3.3; ; 2026-08-22 20:45:27 UTC; unix
Biobase	2.60.0	R 4.3.3; x86_64-pc-linux-gnu; 2026-08-22 20:56:42 UTC; unix
BiocGenerics	0.46.0	R 4.3.3; ; 2026-08-22 20:45:33 UTC; unix
BiocParallel	1.34.2	R 4.3.3; x86_64-pc-linux-gnu; 2026-08-22 21:07:04 UTC; unix
bitops	1.1-0	R 4.3.3; x86_64-pc-linux-gnu; 2026-08-22 20:45:13 UTC; unix
broom	1.0.13	R 4.3.3; ; 2026-08-22 21:09:55 UTC; unix
bslib	0.12.0	R 4.3.3; ; 2026-08-22 21:04:41 UTC; unix
cachem	1.1.0	R 4.3.3; x86_64-pc-linux-gnu; 2026-08-22 20:54:03 UTC; unix
carData	3.0-6	R 4.3.3; ; 2026-08-22 20:43:49 UTC; unix
CDFt	1.2	R 4.3.3; ; 2026-08-22 20:53:34 UTC; unix
cli	3.6.6	R 4.3.3; x86_64-pc-linux-gnu; 2026-08-22 20:39:42 UTC; unix
colorspace	2.1-3	R 4.3.3; x86_64-pc-linux-gnu; 2026-08-22 20:42:56 UTC; unix
commonmark	2.0.0	R 4.3.3; x86_64-pc-linux-gnu; 2026-08-22 20:53:15 UTC; unix
corpcor	1.6.10	R 4.3.3; ; 2026-08-22 20:53:39 UTC; unix
corrplot	0.95	R 4.3.3; ; 2026-08-22 20:43:53 UTC; unix
cowplot	1.2.0	R 4.3.3; ; 2026-08-22 21:08:11 UTC; unix
cpp11	0.5.5	R 4.3.3; ; 2026-08-22 20:40:18 UTC; unix
crayon	1.5.3	R 4.3.3; ; 2026-08-22 20:52:32 UTC; unix
crosstalk	1.2.2	R 4.3.3; ; 2026-08-22 21:04:22 UTC; unix
data.table	1.18.4	R 4.3.3; x86_64-pc-linux-gnu; 2026-08-22 20:52:35 UTC; unix
DelayedArray	0.26.7	R 4.3.3; x86_64-pc-linux-gnu; 2026-08-22 21:08:17 UTC; unix
deldir	2.0-4	R 4.3.3; x86_64-pc-linux-gnu; 2026-08-22 20:45:54 UTC; unix
DEoptimR	1.2-1	R 4.3.3; ; 2026-08-22 20:45:31 UTC; unix
deSolve	1.42	R 4.3.3; x86_64-pc-linux-gnu; 2026-08-22 20:45:36 UTC; unix
digest	0.6.39	R 4.3.3; x86_64-pc-linux-gnu; 2026-08-22 20:42:02 UTC; unix
dplyr	1.2.1	R 4.3.3; x86_64-pc-linux-gnu; 2026-08-22 21:09:16 UTC; unix
DT	0.34.0	R 4.3.3; ; 2026-08-22 21:09:52 UTC; unix
emdist	0.3-3	R 4.3.3; x86_64-pc-linux-gnu; 2026-08-22 20:53:35 UTC; unix
EMDomics	2.30.0	R 4.3.3; ; 2026-08-22 21:09:13 UTC; unix
evaluate	1.0.5	R 4.3.3; ; 2026-08-22 20:42:24 UTC; unix
farver	2.1.2	R 4.3.3; x86_64-pc-linux-gnu; 2026-08-22 20:39:57 UTC; unix
fastmap	1.2.0	R 4.3.3; x86_64-pc-linux-gnu; 2026-08-22 20:41:59 UTC; unix
fda	6.3.0	R 4.3.3; ; 2026-08-22 21:10:01 UTC; unix
fds	1.9	R 4.3.3; ; 2026-08-22 21:09:42 UTC; unix
FNN	1.1.4.1	R 4.3.3; x86_64-pc-linux-gnu; 2026-08-22 20:44:51 UTC; unix
fontawesome	0.5.3	R 4.3.3; ; 2026-08-22 20:59:00 UTC; unix
forecast	9.0.2	R 4.3.3; x86_64-pc-linux-gnu; 2026-08-22 21:07:22 UTC; unix
formatR	1.14	R 4.3.3; ; 2026-08-22 20:45:15 UTC; unix
Formula	1.2-6	R 4.3.3; ; 2026-08-22 20:43:46 UTC; unix
fracdiff	1.5-4	R 4.3.3; x86_64-pc-linux-gnu; 2026-08-22 20:42:53 UTC; unix
fs	2.1.0	R 4.3.3; x86_64-pc-linux-gnu; 2026-08-22 20:42:12 UTC; unix
futile.logger	1.4.9	R 4.3.3; ; 2026-08-22 20:59:33 UTC; unix
futile.options	1.0.1	R 4.3.3; ; 2026-08-22 20:45:16 UTC; unix
generics	0.1.4	R 4.3.3; ; 2026-08-22 20:41:34 UTC; unix
ggplot2	4.0.3	R 4.3.3; ; 2026-08-22 21:04:46 UTC; unix
ggrepel	0.9.8	R 4.3.3; x86_64-pc-linux-gnu; 2026-08-22 21:08:41 UTC; unix
ggridges	0.5.7	R 4.3.3; ; 2026-08-22 21:09:09 UTC; unix
ggsci	5.2.0	R 4.3.3; ; 2026-08-22 21:08:38 UTC; unix
ggsignif	0.6.4	R 4.3.3; ; 2026-08-22 21:08:35 UTC; unix
glue	1.8.1	R 4.3.3; x86_64-pc-linux-gnu; 2026-08-22 20:39:39 UTC; unix
graph	1.78.0	R 4.3.3; x86_64-pc-linux-gnu; 2026-08-22 20:56:51 UTC; unix
gridExtra	2.3.1	R 4.3.3; ; 2026-08-22 21:07:01 UTC; unix
gtable	0.3.6	R 4.3.3; ; 2026-08-22 20:59:16 UTC; unix
hdrcde	3.5.0	R 4.3.3; x86_64-pc-linux-gnu; 2026-08-22 21:08:14 UTC; unix
hexbin	1.28.6	R 4.3.3; x86_64-pc-linux-gnu; 2026-08-22 20:52:27 UTC; unix
highr	0.12	R 4.3.3; ; 2026-08-22 20:54:06 UTC; unix
htmltools	0.5.9	R 4.3.3; x86_64-pc-linux-gnu; 2026-08-22 20:53:59 UTC; unix
htmlwidgets	1.6.4	R 4.3.3; ; 2026-08-22 21:09:32 UTC; unix
httpuv	1.6.17	R 4.3.3; x86_64-pc-linux-gnu; 2026-08-22 21:06:10 UTC; unix
IDPmisc	1.1.21	R 4.3.3; x86_64-pc-linux-gnu; 2026-08-22 20:52:23 UTC; unix
installr	0.23.4	R 4.3.3; ; 2026-08-22 21:16:40 UTC; unix
interp	1.1-6	R 4.3.3; x86_64-pc-linux-gnu; 2026-08-22 20:59:35 UTC; unix
IRanges	2.34.1	R 4.3.3; x86_64-pc-linux-gnu; 2026-08-22 21:01:13 UTC; unix
isoband	0.3.0	R 4.3.3; x86_64-pc-linux-gnu; 2026-08-22 20:54:11 UTC; unix
jpeg	0.1-11	R 4.3.3; x86_64-pc-linux-gnu; 2026-08-22 20:48:44 UTC; unix
jquerylib	0.1.4	R 4.3.3; ; 2026-08-22 20:58:59 UTC; unix
jsonlite	2.0.0	R 4.3.3; x86_64-pc-linux-gnu; 2026-08-22 20:42:30 UTC; unix
kernlab	0.9-33	R 4.3.3; x86_64-pc-linux-gnu; 2026-08-22 20:44:30 UTC; unix
knitr	1.51	R 4.3.3; ; 2026-08-22 20:59:02 UTC; unix
ks	1.15.3	R 4.3.3; x86_64-pc-linux-gnu; 2026-08-22 20:59:22 UTC; unix
labeling	0.4.3	R 4.3.3; ; 2026-08-22 20:39:56 UTC; unix
lambda.r	1.2.4	R 4.3.3; ; 2026-08-22 20:56:09 UTC; unix
later	1.4.8	R 4.3.3; x86_64-pc-linux-gnu; 2026-08-22 20:53:43 UTC; unix
latticeExtra	0.6-31	R 4.3.3; ; 2026-08-22 21:05:55 UTC; unix
lazyeval	0.2.3	R 4.3.3; x86_64-pc-linux-gnu; 2026-08-22 20:54:08 UTC; unix
lifecycle	1.0.5	R 4.3.3; ; 2026-08-22 20:53:41 UTC; unix
lme4	2.0-6	R 4.3.3; x86_64-pc-linux-gnu; 2026-08-22 21:05:03 UTC; unix
lmtest	0.9-40	R 4.3.3; x86_64-pc-linux-gnu; 2026-08-22 20:54:37 UTC; unix
locfit	1.5-9.12	R 4.3.3; x86_64-pc-linux-gnu; 2026-08-22 20:45:03 UTC; unix
magrittr	2.0.5	R 4.3.3; x86_64-pc-linux-gnu; 2026-08-22 20:40:26 UTC; unix
MatrixGenerics	1.12.3	R 4.3.3; ; 2026-08-22 20:56:48 UTC; unix
MatrixModels	0.5-4	R 4.3.3; ; 2026-08-22 20:43:13 UTC; unix
matrixStats	1.5.0	R 4.3.3; x86_64-pc-linux-gnu; 2026-08-22 20:52:12 UTC; unix
mclust	6.1.3	R 4.3.3; x86_64-pc-linux-gnu; 2026-08-22 20:44:11 UTC; unix
memoise	2.0.1	R 4.3.3; ; 2026-08-22 20:58:57 UTC; unix
mime	0.13	R 4.3.3; x86_64-pc-linux-gnu; 2026-08-22 20:42:18 UTC; unix
minqa	1.2.8	R 4.3.3; x86_64-pc-linux-gnu; 2026-08-22 20:55:17 UTC; unix
mnormt	2.1.2	R 4.3.3; x86_64-pc-linux-gnu; 2026-08-22 20:53:36 UTC; unix
modelr	0.1.11	R 4.3.3; ; 2026-08-22 21:10:15 UTC; unix
multicool	1.0.1	R 4.3.3; x86_64-pc-linux-gnu; 2026-08-22 20:55:40 UTC; unix
mvtnorm	1.4-2	R 4.3.3; x86_64-pc-linux-gnu; 2026-08-22 20:44:06 UTC; unix
nloptr	2.2.1	R 4.3.3; x86_64-pc-linux-gnu; 2026-08-22 20:43:44 UTC; unix
numDeriv	2016.8-1.1	R 4.3.3; ; 2026-08-22 20:43:24 UTC; unix
otel	0.2.0	R 4.3.3; ; 2026-08-22 20:41:57 UTC; unix
pcaPP	2.0-5	R 4.3.3; x86_64-pc-linux-gnu; 2026-08-22 20:55:51 UTC; unix
pillar	1.11.1	R 4.3.3; ; 2026-08-22 21:04:34 UTC; unix
pkgconfig	2.0.3	R 4.3.3; ; 2026-08-22 20:40:25 UTC; unix
png	0.1-9	R 4.3.3; x86_64-pc-linux-gnu; 2026-08-22 20:48:45 UTC; unix
polynom	1.4-1	R 4.3.3; ; 2026-08-22 20:53:24 UTC; unix
pracma	2.4.6	R 4.3.3; ; 2026-08-22 20:43:55 UTC; unix
preprocessCore	1.62.1	R 4.3.3; x86_64-pc-linux-gnu; 2026-08-22 20:53:27 UTC; unix
promises	1.5.0	R 4.3.3; ; 2026-08-22 20:59:08 UTC; unix
purrr	1.2.2	R 4.3.3; x86_64-pc-linux-gnu; 2026-08-22 21:05:51 UTC; unix
quantreg	6.1	R 4.3.3; x86_64-pc-linux-gnu; 2026-08-22 20:55:28 UTC; unix
R6	2.6.1	R 4.3.3; ; 2026-08-22 20:39:54 UTC; unix
rainbow	3.8	R 4.3.3; ; 2026-08-22 21:09:26 UTC; unix
rappdirs	0.3.4	R 4.3.3; x86_64-pc-linux-gnu; 2026-08-22 20:42:10 UTC; unix
RBGL	1.76.0	R 4.3.3; x86_64-pc-linux-gnu; 2026-08-22 21:02:57 UTC; unix
rbibutils	2.4.1	R 4.3.3; x86_64-pc-linux-gnu; 2026-08-22 20:43:02 UTC; unix
RColorBrewer	1.1-3	R 4.3.3; ; 2026-08-22 20:39:53 UTC; unix
Rcpp	1.1.2	R 4.3.3; x86_64-pc-linux-gnu; 2026-08-22 20:41:36 UTC; unix
RcppArmadillo	15.4.2-1	R 4.3.3; x86_64-pc-linux-gnu; 2026-08-22 20:54:21 UTC; unix
RcppEigen	0.3.4.0.2	R 4.3.3; x86_64-pc-linux-gnu; 2026-08-22 20:54:43 UTC; unix
RCurl	1.98-1.20	R 4.3.3; x86_64-pc-linux-gnu; 2026-08-22 20:56:03 UTC; unix
Rdpack	2.6.6	R 4.3.3; ; 2026-08-22 20:55:25 UTC; unix
reformulas	0.4.4	R 4.3.3; ; 2026-08-22 20:59:18 UTC; unix
remotes	2.5.0	R 4.3.3; ; 2026-08-22 20:38:40 UTC; unix
Rgraphviz	2.44.0	R 4.3.3; x86_64-pc-linux-gnu; 2026-08-22 21:02:51 UTC; unix
Rhdf5lib	1.22.1	R 4.3.3; x86_64-pc-linux-gnu; 2026-08-22 20:46:00 UTC; unix
rlang	1.3.0	R 4.3.3; x86_64-pc-linux-gnu; 2026-08-22 20:39:28 UTC; unix
rmarkdown	2.31	R 4.3.3; ; 2026-08-22 21:07:18 UTC; unix
robustbase	0.99-7	R 4.3.3; x86_64-pc-linux-gnu; 2026-08-22 20:56:11 UTC; unix
RProtoBufLib	2.12.1	R 4.3.3; x86_64-pc-linux-gnu; 2026-08-22 20:52:08 UTC; unix
rrcov	1.7-7	R 4.3.3; x86_64-pc-linux-gnu; 2026-08-22 21:04:24 UTC; unix
S4Arrays	1.0.6	R 4.3.3; x86_64-pc-linux-gnu; 2026-08-22 21:05:59 UTC; unix
S4Vectors	0.38.2	R 4.3.3; x86_64-pc-linux-gnu; 2026-08-22 20:56:22 UTC; unix
S7	0.2.2	R 4.3.3; x86_64-pc-linux-gnu; 2026-08-22 20:42:34 UTC; unix
sass	0.4.10	R 4.3.3; x86_64-pc-linux-gnu; 2026-08-22 20:57:24 UTC; unix
scales	1.4.0	R 4.3.3; ; 2026-08-22 20:59:11 UTC; unix
shiny	1.14.0	R 4.3.3; ; 2026-08-22 21:08:53 UTC; unix
snow	0.4-4	R 4.3.3; ; 2026-08-22 20:45:29 UTC; unix
sourcetools	0.1.7-2	R 4.3.3; x86_64-pc-linux-gnu; 2026-08-22 20:53:12 UTC; unix
SparseM	1.84-2	R 4.3.3; x86_64-pc-linux-gnu; 2026-08-22 20:43:18 UTC; unix
stringi	1.8.9	R 4.3.3; x86_64-pc-linux-gnu; 2026-08-22 20:40:32 UTC; unix
stringr	1.6.0	R 4.3.3; ; 2026-08-22 21:05:49 UTC; unix
tibble	3.3.1	R 4.3.3; x86_64-pc-linux-gnu; 2026-08-22 21:07:14 UTC; unix
tidyr	1.3.2	R 4.3.3; x86_64-pc-linux-gnu; 2026-08-22 21:09:34 UTC; unix
tidyselect	1.2.1	R 4.3.3; ; 2026-08-22 21:04:38 UTC; unix
timeDate	4052.112	R 4.3.3; ; 2026-08-22 20:42:46 UTC; unix
tinytex	0.60	R 4.3.3; ; 2026-08-22 20:54:04 UTC; unix
urca	1.3-4	R 4.3.3; x86_64-pc-linux-gnu; 2026-08-22 20:42:41 UTC; unix
utf8	1.2.6	R 4.3.3; x86_64-pc-linux-gnu; 2026-08-22 20:40:21 UTC; unix
vctrs	0.7.3	R 4.3.3; x86_64-pc-linux-gnu; 2026-08-22 20:57:00 UTC; unix
viridisLite	0.4.3	R 4.3.3; ; 2026-08-22 20:39:51 UTC; unix
withr	3.0.3	R 4.3.3; ; 2026-08-22 20:40:19 UTC; unix
xfun	0.60	R 4.3.3; x86_64-pc-linux-gnu; 2026-08-22 20:42:19 UTC; unix
XML	3.99-0.24	R 4.3.3; x86_64-pc-linux-gnu; 2026-08-22 20:53:01 UTC; unix
xtable	1.8-8	R 4.3.3; ; 2026-08-22 20:53:10 UTC; unix
yaml	2.3.12	R 4.3.3; x86_64-pc-linux-gnu; 2026-08-22 20:42:25 UTC; unix
zlibbioc	1.46.0	R 4.3.3; x86_64-pc-linux-gnu; 2026-08-22 20:52:31 UTC; unix
zoo	1.9-0	R 4.3.3; x86_64-pc-linux-gnu; 2026-08-22 20:42:37 UTC; unix
